date,link
20200509,https://www.mhlw.go.jp/content/10906000/000628667.pdf
20200510,https://www.mhlw.go.jp/content/10906000/000628697.pdf
20200511,https://www.mhlw.go.jp/content/10906000/000628917.pdf
20200512,https://www.mhlw.go.jp/content/10906000/000629544.pdf
20200513,https://www.mhlw.go.jp/content/10906000/000630162.pdf
20200514,https://www.mhlw.go.jp/content/10906000/000630534.pdf
20200515,https://www.mhlw.go.jp/content/10906000/000630924.pdf
20200516,https://www.mhlw.go.jp/content/10906000/000631063.pdf
20200517,https://www.mhlw.go.jp/content/10906000/000631149.pdf
20200518,https://www.mhlw.go.jp/content/10906000/000631428.pdf
20200519,https://www.mhlw.go.jp/content/10906000/000631887.pdf
20200520,https://www.mhlw.go.jp/content/10906000/000632211.pdf
20200521,https://www.mhlw.go.jp/content/10906000/000632553.pdf
20200522,https://www.mhlw.go.jp/content/10906000/000632894.pdf
20200523,https://www.mhlw.go.jp/content/10906000/000633030.pdf
20200524,https://www.mhlw.go.jp/content/10906000/000633053.pdf
20200525,https://www.mhlw.go.jp/content/10906000/000633317.pdf
20200526,https://www.mhlw.go.jp/content/10906000/000633684.pdf
20200527,https://www.mhlw.go.jp/content/10906000/000634251.pdf
20200528,https://www.mhlw.go.jp/content/10906000/000634785.pdf
20200529,https://www.mhlw.go.jp/content/10906000/000635194.pdf
20200530,https://www.mhlw.go.jp/content/10906000/000635510.pdf
20200531,https://www.mhlw.go.jp/content/10906000/000635537.pdf
20200601,https://www.mhlw.go.jp/content/10906000/000635775.pdf
20200602,https://www.mhlw.go.jp/content/10906000/000636131.pdf
20200603,https://www.mhlw.go.jp/content/10906000/000636580.pdf
20200604,https://www.mhlw.go.jp/content/10906000/000636974.pdf
20200605,https://www.mhlw.go.jp/content/10906000/000637373.pdf
20200606,https://www.mhlw.go.jp/content/10906000/000637517.pdf
20200607,https://www.mhlw.go.jp/content/10906000/000637546.pdf
20200608,https://www.mhlw.go.jp/content/10906000/000637898.pdf
20200609,https://www.mhlw.go.jp/content/10906000/000638331.pdf
20200610,https://www.mhlw.go.jp/content/10906000/000638689.pdf
20200611,https://www.mhlw.go.jp/content/10906000/000638963.pdf
20200612,https://www.mhlw.go.jp/content/10906000/000639340.pdf
20200613,https://www.mhlw.go.jp/content/10906000/000639746.pdf
20200614,https://www.mhlw.go.jp/content/10906000/000639768.pdf
20200615,https://www.mhlw.go.jp/content/10906000/000640012.pdf
20200616,https://www.mhlw.go.jp/content/10906000/000640391.pdf
20200617,https://www.mhlw.go.jp/content/10906000/000640744.pdf
20200618,https://www.mhlw.go.jp/content/10906000/000641279.pdf
20200619,https://www.mhlw.go.jp/content/10906000/000641749.pdf
20200620,https://www.mhlw.go.jp/content/10906000/000641953.pdf
20200621,https://www.mhlw.go.jp/content/10906000/000641965.pdf
20200622,https://www.mhlw.go.jp/content/10906000/000642110.pdf
20200623,https://www.mhlw.go.jp/content/10906000/000642429.pdf
20200624,https://www.mhlw.go.jp/content/10906000/000642770.pdf
20200625,https://www.mhlw.go.jp/content/10906000/000643524.pdf
20200626,https://www.mhlw.go.jp/content/10906000/000644137.pdf
20200627,https://www.mhlw.go.jp/content/10906000/000644324.pdf
20200628,https://www.mhlw.go.jp/content/10906000/000644366.pdf
20200629,https://www.mhlw.go.jp/content/10906000/000644581.pdf
20200630,https://www.mhlw.go.jp/content/10906000/000645008.pdf
20200701,https://www.mhlw.go.jp/content/10906000/000645319.pdf
20200702,https://www.mhlw.go.jp/content/10906000/000645664.pdf
20200703,https://www.mhlw.go.jp/content/10906000/000646191.pdf
20200704,https://www.mhlw.go.jp/content/10906000/000646571.pdf
20200705,https://www.mhlw.go.jp/content/10906000/000646607.pdf
20200706,https://www.mhlw.go.jp/content/10906000/000646810.pdf
20200707,https://www.mhlw.go.jp/content/10906000/000647060.pdf
20200708,https://www.mhlw.go.jp/content/10906000/000647417.pdf
20200709,https://www.mhlw.go.jp/content/10906000/000647788.pdf
20200710,https://www.mhlw.go.jp/content/10906000/000648105.pdf
20200711,https://www.mhlw.go.jp/content/10906000/000648217.pdf
20200712,https://www.mhlw.go.jp/content/10906000/000648243.pdf
20200713,https://www.mhlw.go.jp/content/10906000/000648451.pdf
20200714,https://www.mhlw.go.jp/content/10906000/000648880.pdf
20200715,https://www.mhlw.go.jp/content/10906000/000649241.pdf
20200716,https://www.mhlw.go.jp/content/10906000/000649591.pdf
20200717,https://www.mhlw.go.jp/content/10906000/000650036.pdf
20200718,https://www.mhlw.go.jp/content/10906000/000650224.pdf
20200719,https://www.mhlw.go.jp/content/10906000/000650237.pdf
20200720,https://www.mhlw.go.jp/content/10906000/000650553.pdf
20200721,https://www.mhlw.go.jp/content/10906000/000651137.pdf
20200722,https://www.mhlw.go.jp/content/10906000/000651653.pdf
20200723,https://www.mhlw.go.jp/content/10906000/000651930.pdf
20200724,https://www.mhlw.go.jp/content/10906000/000651992.pdf
20200725,https://www.mhlw.go.jp/content/10906000/000652019.pdf
20200726,https://www.mhlw.go.jp/content/10906000/000652038.pdf
20200727,https://www.mhlw.go.jp/content/10906000/000652356.pdf
20200728,https://www.mhlw.go.jp/content/10906000/000652732.pdf
20200729,https://www.mhlw.go.jp/content/10906000/000653369.pdf
20200730,https://www.mhlw.go.jp/content/10906000/000654091.pdf
20200731,https://www.mhlw.go.jp/content/10906000/000655123.pdf
20200801,https://www.mhlw.go.jp/content/10906000/000655356.pdf
20200802,https://www.mhlw.go.jp/content/10906000/000655374.pdf
20200803,https://www.mhlw.go.jp/content/10906000/000655729.pdf
20200804,https://www.mhlw.go.jp/content/10906000/000656116.pdf
20200805,https://www.mhlw.go.jp/content/10906000/000656951.pdf
20200806,https://www.mhlw.go.jp/content/10906000/000657338.pdf
20200807,https://www.mhlw.go.jp/content/10906000/000657779.pdf
20200808,https://www.mhlw.go.jp/content/10906000/000657896.pdf
20200809,https://www.mhlw.go.jp/content/10906000/000657918.pdf
20200810,https://www.mhlw.go.jp/content/10906000/000657932.pdf
20200811,https://www.mhlw.go.jp/content/10906000/000658223.pdf
20200812,https://www.mhlw.go.jp/content/10906000/000658575.pdf
20200813,https://www.mhlw.go.jp/content/10906000/000659103.pdf
20200814,https://www.mhlw.go.jp/content/10906000/000659316.pdf
20200815,https://www.mhlw.go.jp/content/10906000/000659499.pdf
20200816,https://www.mhlw.go.jp/content/10906000/000659513.pdf
20200817,https://www.mhlw.go.jp/content/10906000/000659782.pdf
20200818,https://www.mhlw.go.jp/content/10906000/000660161.pdf
20200819,https://www.mhlw.go.jp/content/10906000/000660643.pdf
20200820,https://www.mhlw.go.jp/content/10906000/000661109.pdf
20200821,https://www.mhlw.go.jp/content/10906000/000661604.pdf
20200822,https://www.mhlw.go.jp/content/10906000/000661892.pdf
20200823,https://www.mhlw.go.jp/content/10906000/000661903.pdf
20200824,https://www.mhlw.go.jp/content/10906000/000662166.pdf
20200825,https://www.mhlw.go.jp/content/10906000/000662629.pdf
20200826,https://www.mhlw.go.jp/content/10906000/000663401.pdf
20200827,https://www.mhlw.go.jp/content/10906000/000663890.pdf
20200828,https://www.mhlw.go.jp/content/10906000/000664559.pdf
20200829,https://www.mhlw.go.jp/content/10906000/000664884.pdf
20200830,https://www.mhlw.go.jp/content/10906000/000664898.pdf
20200831,https://www.mhlw.go.jp/content/10906000/000665403.pdf
20200901,https://www.mhlw.go.jp/content/10906000/000666237.pdf
20200902,https://www.mhlw.go.jp/content/10906000/000666718.pdf
20200903,https://www.mhlw.go.jp/content/10906000/000667719.pdf
20200904,https://www.mhlw.go.jp/content/10906000/000668100.pdf
20200905,https://www.mhlw.go.jp/content/10906000/000668309.pdf
20200906,https://www.mhlw.go.jp/content/10906000/000668338.pdf
20200907,https://www.mhlw.go.jp/content/10906000/000668579.pdf
20200908,https://www.mhlw.go.jp/content/10906000/000669043.pdf
20200909,https://www.mhlw.go.jp/content/10906000/000669634.pdf
20200910,https://www.mhlw.go.jp/content/10906000/000670165.pdf
20200911,https://www.mhlw.go.jp/content/10906000/000670663.pdf
20200912,https://www.mhlw.go.jp/content/10906000/000670936.pdf
20200913,https://www.mhlw.go.jp/content/10906000/000671385.pdf
20200914,https://www.mhlw.go.jp/content/10906000/000671889.pdf
20200915,https://www.mhlw.go.jp/content/10906000/000672486.pdf
20200916,https://www.mhlw.go.jp/content/10906000/000672911.pdf
20200917,https://www.mhlw.go.jp/content/10906000/000673389.pdf
20200918,https://www.mhlw.go.jp/content/10906000/000673976.pdf
20200919,https://www.mhlw.go.jp/content/10906000/000674178.pdf
20200920,https://www.mhlw.go.jp/content/10906000/000674196.pdf
20200921,https://www.mhlw.go.jp/content/10906000/000674225.pdf
20200922,https://www.mhlw.go.jp/content/10906000/000674437.pdf
20200923,https://www.mhlw.go.jp/content/10906000/000674736.pdf
20200924,https://www.mhlw.go.jp/content/10906000/000675158.pdf
20200925,https://www.mhlw.go.jp/content/10906000/000675878.pdf
20200926,https://www.mhlw.go.jp/content/10906000/000676311.pdf
20200927,https://www.mhlw.go.jp/content/10906000/000676331.pdf
20200928,https://www.mhlw.go.jp/content/10906000/000676580.pdf
20200929,https://www.mhlw.go.jp/content/10906000/000677146.pdf
20200930,https://www.mhlw.go.jp/content/10906000/000677754.pdf
20201001,https://www.mhlw.go.jp/content/10906000/000678194.pdf
20201002,https://www.mhlw.go.jp/content/10906000/000678803.pdf
20201003,https://www.mhlw.go.jp/content/10906000/000679295.pdf
20201004,https://www.mhlw.go.jp/content/10906000/000679319.pdf
20201005,https://www.mhlw.go.jp/content/10906000/000679488.pdf
20201006,https://www.mhlw.go.jp/content/10906000/000679932.pdf
20201007,https://www.mhlw.go.jp/content/10906000/000680529.pdf
20201008,https://www.mhlw.go.jp/content/10906000/000680671.pdf
20201009,https://www.mhlw.go.jp/content/10906000/000681170.pdf
20201010,https://www.mhlw.go.jp/content/10906000/000681517.pdf
20201011,https://www.mhlw.go.jp/content/10906000/000681654.pdf
20201012,https://www.mhlw.go.jp/content/10906000/000681717.pdf
20201013,https://www.mhlw.go.jp/content/10906000/000682295.pdf
20201014,https://www.mhlw.go.jp/content/10906000/000682777.pdf
20201015,https://www.mhlw.go.jp/content/10906000/000683213.pdf
20201016,https://www.mhlw.go.jp/content/10906000/000683797.pdf
20201017,https://www.mhlw.go.jp/content/10906000/000683945.pdf
20201018,https://www.mhlw.go.jp/content/10906000/000683987.pdf
20201019,https://www.mhlw.go.jp/content/10906000/000684350.pdf
20201020,https://www.mhlw.go.jp/content/10906000/000684985.pdf
20201021,https://www.mhlw.go.jp/content/10906000/000685495.pdf
20201022,https://www.mhlw.go.jp/content/10906000/000686102.pdf
20201023,https://www.mhlw.go.jp/content/10906000/000686678.pdf
20201024,https://www.mhlw.go.jp/content/10906000/000687050.pdf
20201025,https://www.mhlw.go.jp/content/10906000/000687078.pdf
20201026,https://www.mhlw.go.jp/content/10906000/000687548.pdf
20201027,https://www.mhlw.go.jp/content/10906000/000688479.pdf
20201028,https://www.mhlw.go.jp/content/10906000/000688887.pdf
20201029,https://www.mhlw.go.jp/content/10906000/000689594.pdf
20201030,https://www.mhlw.go.jp/content/10906000/000690151.pdf
20201031,https://www.mhlw.go.jp/content/10906000/000690441.pdf
20201101,https://www.mhlw.go.jp/content/10906000/000690453.pdf
20201102,https://www.mhlw.go.jp/content/10906000/000690720.pdf
20201103,https://www.mhlw.go.jp/content/10906000/000690848.pdf
20201104,https://www.mhlw.go.jp/content/10906000/000690968.pdf
20201105,https://www.mhlw.go.jp/content/10906000/000691565.pdf
20201106,https://www.mhlw.go.jp/content/10906000/000692039.pdf
20201107,https://www.mhlw.go.jp/content/10906000/000692227.pdf
20201108,https://www.mhlw.go.jp/content/10906000/000692238.pdf
20201109,https://www.mhlw.go.jp/content/10906000/000692523.pdf
20201110,https://www.mhlw.go.jp/content/10906000/000693044.pdf
20201111,https://www.mhlw.go.jp/content/10906000/000693545.pdf
20201112,https://www.mhlw.go.jp/content/10906000/000693956.pdf
20201113,https://www.mhlw.go.jp/content/10906000/000694702.pdf
20201114,https://www.mhlw.go.jp/content/10906000/000694935.pdf
20201115,https://www.mhlw.go.jp/content/10906000/000694967.pdf
20201116,https://www.mhlw.go.jp/content/10906000/000695247.pdf
20201117,https://www.mhlw.go.jp/content/10906000/000695859.pdf
20201118,https://www.mhlw.go.jp/content/10906000/000696452.pdf
20201119,https://www.mhlw.go.jp/content/10906000/000696681.pdf
20201120,https://www.mhlw.go.jp/content/10906000/000697095.pdf
20201121,https://www.mhlw.go.jp/content/10906000/000697235.pdf
20201122,https://www.mhlw.go.jp/content/10906000/000697257.pdf
20201123,https://www.mhlw.go.jp/content/10906000/000697283.pdf
20201124,https://www.mhlw.go.jp/content/10906000/000697629.pdf
20201125,https://www.mhlw.go.jp/content/10906000/000698143.pdf
20201126,https://www.mhlw.go.jp/content/10906000/000698673.pdf
20201127,https://www.mhlw.go.jp/content/10906000/000699240.pdf
20201128,https://www.mhlw.go.jp/content/10906000/000699573.pdf
20201129,https://www.mhlw.go.jp/content/10906000/000699601.pdf
20201130,https://www.mhlw.go.jp/content/10906000/000699911.pdf
20201201,https://www.mhlw.go.jp/content/10906000/000700236.pdf
20201202,https://www.mhlw.go.jp/content/10906000/000700891.pdf
20201203,https://www.mhlw.go.jp/content/10906000/000701486.pdf
20201204,https://www.mhlw.go.jp/content/10906000/000701953.pdf
20201205,https://www.mhlw.go.jp/content/10906000/000702092.pdf
20201206,https://www.mhlw.go.jp/content/10906000/000702108.pdf
20201207,https://www.mhlw.go.jp/content/10906000/000702419.pdf
20201208,https://www.mhlw.go.jp/content/10906000/000702925.pdf
20201209,https://www.mhlw.go.jp/content/10906000/000703434.pdf
20201210,https://www.mhlw.go.jp/content/10906000/000703922.pdf
20201211,https://www.mhlw.go.jp/content/10906000/000704655.pdf
20201212,https://www.mhlw.go.jp/content/10906000/000704886.pdf
20201213,https://www.mhlw.go.jp/content/10906000/000704907.pdf
20201214,https://www.mhlw.go.jp/content/10906000/000705141.pdf
20201215,https://www.mhlw.go.jp/content/10906000/000705581.pdf
20201216,https://www.mhlw.go.jp/content/10906000/000706077.pdf
20201217,https://www.mhlw.go.jp/content/10906000/000706504.pdf
20201218,https://www.mhlw.go.jp/content/10906000/000707219.pdf
20201219,https://www.mhlw.go.jp/content/10906000/000707608.pdf
20201220,https://www.mhlw.go.jp/content/10906000/000707631.pdf
20201221,https://www.mhlw.go.jp/content/10906000/000708119.pdf
20201222,https://www.mhlw.go.jp/content/10906000/000708873.pdf
20201223,https://www.mhlw.go.jp/content/10906000/000709815.pdf
20201224,https://www.mhlw.go.jp/content/10906000/000710932.pdf
20201225,https://www.mhlw.go.jp/content/10906000/000711691.pdf
20201226,https://www.mhlw.go.jp/content/10906000/000712481.pdf
20201227,https://www.mhlw.go.jp/content/10906000/000712505.pdf
20201228,https://www.mhlw.go.jp/content/10906000/000712999.pdf
20201229,https://www.mhlw.go.jp/content/10906000/000713199.pdf
20201230,https://www.mhlw.go.jp/content/10906000/000713227.pdf
20201231,https://www.mhlw.go.jp/content/10906000/000713244.pdf
20210101,https://www.mhlw.go.jp/content/10906000/000713266.pdf
20210102,https://www.mhlw.go.jp/content/10906000/000713291.pdf
20210103,https://www.mhlw.go.jp/content/10906000/000713307.pdf
20210104,https://www.mhlw.go.jp/content/10906000/000713768.pdf
20210105,https://www.mhlw.go.jp/content/10906000/000714545.pdf
20210106,https://www.mhlw.go.jp/content/10906000/000715092.pdf
20210107,https://www.mhlw.go.jp/content/10906000/000716223.pdf
20210108,https://www.mhlw.go.jp/content/10906000/000716620.pdf
20210109,https://www.mhlw.go.jp/content/10906000/000717153.pdf
20210110,https://www.mhlw.go.jp/content/10906000/000717172.pdf
20210111,https://www.mhlw.go.jp/content/10906000/000717209.pdf
20210112,https://www.mhlw.go.jp/content/10906000/000717718.pdf
20210113,https://www.mhlw.go.jp/content/10906000/000718590.pdf
20210114,https://www.mhlw.go.jp/content/10906000/000719488.pdf
20210115,https://www.mhlw.go.jp/content/10906000/000720396.pdf
20210116,https://www.mhlw.go.jp/content/10906000/000721120.pdf
20210117,https://www.mhlw.go.jp/content/10906000/000721152.pdf
20210118,https://www.mhlw.go.jp/content/10906000/000721792.pdf
20210119,https://www.mhlw.go.jp/content/10906000/000722379.pdf
20210120,https://www.mhlw.go.jp/content/10906000/000723769.pdf
20210121,https://www.mhlw.go.jp/content/10906000/000724443.pdf
20210122,https://www.mhlw.go.jp/content/10906000/000725555.pdf
20210123,https://www.mhlw.go.jp/content/10906000/000726022.pdf
20210124,https://www.mhlw.go.jp/content/10906000/000726030.pdf
20210125,https://www.mhlw.go.jp/content/10906000/000726492.pdf
20210126,https://www.mhlw.go.jp/content/10906000/000727643.pdf
20210127,https://www.mhlw.go.jp/content/10906000/000728743.pdf
20210128,https://www.mhlw.go.jp/content/10906000/000729518.pdf
20210129,https://www.mhlw.go.jp/content/10906000/000730751.pdf
20210130,https://www.mhlw.go.jp/content/10906000/000731258.pdf
20210131,https://www.mhlw.go.jp/content/10906000/000731279.pdf
20210201,https://www.mhlw.go.jp/content/10906000/000731730.pdf
20210202,https://www.mhlw.go.jp/content/10906000/000732225.pdf
20210203,https://www.mhlw.go.jp/content/10906000/000733177.pdf
20210204,https://www.mhlw.go.jp/content/10906000/000734170.pdf
20210205,https://www.mhlw.go.jp/content/10906000/000734963.pdf
20210206,https://www.mhlw.go.jp/content/10906000/000735412.pdf
20210207,https://www.mhlw.go.jp/content/10906000/000735440.pdf
20210208,https://www.mhlw.go.jp/content/10906000/000735899.pdf
20210209,https://www.mhlw.go.jp/content/10906000/000736364.pdf
20210210,https://www.mhlw.go.jp/content/10906000/000737268.pdf
20210211,https://www.mhlw.go.jp/content/10906000/000737671.pdf
20210212,https://www.mhlw.go.jp/content/10906000/000738012.pdf
20210213,https://www.mhlw.go.jp/content/10906000/000738690.pdf
20210214,https://www.mhlw.go.jp/content/10906000/000738750.pdf
20210215,https://www.mhlw.go.jp/content/10906000/000739171.pdf
20210216,https://www.mhlw.go.jp/content/10906000/000739672.pdf
20210217,https://www.mhlw.go.jp/content/10906000/000740706.pdf
20210218,https://www.mhlw.go.jp/content/10906000/000741476.pdf
20210219,https://www.mhlw.go.jp/content/10906000/000742144.pdf
20210220,https://www.mhlw.go.jp/content/10906000/000742516.pdf
20210221,https://www.mhlw.go.jp/content/10906000/000742545.pdf
20210222,https://www.mhlw.go.jp/content/10906000/000742953.pdf
20210223,https://www.mhlw.go.jp/content/10906000/000743415.pdf
20210224,https://www.mhlw.go.jp/content/10906000/000743835.pdf
20210225,https://www.mhlw.go.jp/content/10906000/000744690.pdf
20210226,https://www.mhlw.go.jp/content/10906000/000745712.pdf
20210227,https://www.mhlw.go.jp/content/10906000/000746132.pdf
20210228,https://www.mhlw.go.jp/content/10906000/000746155.pdf
20210301,https://www.mhlw.go.jp/content/10906000/000746401.pdf
20210302,https://www.mhlw.go.jp/content/10906000/000747043.pdf
20210303,https://www.mhlw.go.jp/content/10906000/000747883.pdf
20210304,https://www.mhlw.go.jp/content/10906000/000748696.pdf
20210305,https://www.mhlw.go.jp/content/10906000/000749373.pdf
20210306,https://www.mhlw.go.jp/content/10906000/000749670.pdf
20210307,https://www.mhlw.go.jp/content/10906000/000749721.pdf
20210308,https://www.mhlw.go.jp/content/10906000/000749953.pdf
20210309,https://www.mhlw.go.jp/content/10906000/000750450.pdf
20210310,https://www.mhlw.go.jp/content/10906000/000751455.pdf
20210311,https://www.mhlw.go.jp/content/10906000/000751891.pdf
20210312,https://www.mhlw.go.jp/content/10906000/000752897.pdf
20210313,https://www.mhlw.go.jp/content/10906000/000753120.pdf
20210314,https://www.mhlw.go.jp/content/10906000/000753129.pdf
20210315,https://www.mhlw.go.jp/content/10906000/000753495.pdf
20210316,https://www.mhlw.go.jp/content/10906000/000753887.pdf
20210317,https://www.mhlw.go.jp/content/10906000/000754715.pdf
20210318,https://www.mhlw.go.jp/content/10906000/000755364.pdf
20210319,https://www.mhlw.go.jp/content/10906000/000755834.pdf
20210320,https://www.mhlw.go.jp/content/10906000/000756302.pdf
20210321,https://www.mhlw.go.jp/content/10906000/000756328.pdf
20210322,https://www.mhlw.go.jp/content/10906000/000756528.pdf
20210323,https://www.mhlw.go.jp/content/10906000/000757297.pdf
20210324,https://www.mhlw.go.jp/content/10906000/000758036.pdf
20210325,https://www.mhlw.go.jp/content/10906000/000759124.pdf
20210326,https://www.mhlw.go.jp/content/10906000/000760086.pdf
20210327,https://www.mhlw.go.jp/content/10906000/000760543.pdf
20210328,https://www.mhlw.go.jp/content/10906000/000760568.pdf
20210329,https://www.mhlw.go.jp/content/10906000/000761179.pdf
20210330,https://www.mhlw.go.jp/content/10906000/000762300.pdf
20210331,https://www.mhlw.go.jp/content/10906000/000763329.pdf
20210401,https://www.mhlw.go.jp/content/10906000/000764516.pdf
20210402,https://www.mhlw.go.jp/content/10906000/000764994.pdf
20210403,https://www.mhlw.go.jp/content/10906000/000765234.pdf
20210404,https://www.mhlw.go.jp/content/10906000/000765245.pdf
20210405,https://www.mhlw.go.jp/content/10906000/000765358.pdf
20210406,https://www.mhlw.go.jp/content/10906000/000765744.pdf
20210407,https://www.mhlw.go.jp/content/10906000/000766350.pdf
20210408,https://www.mhlw.go.jp/content/10906000/000766743.pdf
20210409,https://www.mhlw.go.jp/content/10906000/000767321.pdf
20210410,https://www.mhlw.go.jp/content/10906000/000767905.pdf
20210411,https://www.mhlw.go.jp/content/10906000/000767935.pdf
20210412,https://www.mhlw.go.jp/content/10906000/000768004.pdf
20210413,https://www.mhlw.go.jp/content/10906000/000768323.pdf
20210414,https://www.mhlw.go.jp/content/10906000/000768843.pdf
20210415,https://www.mhlw.go.jp/content/10906000/000769300.pdf
20210416,https://www.mhlw.go.jp/content/10906000/000769805.pdf
20210417,https://www.mhlw.go.jp/content/10906000/000770108.pdf
20210418,https://www.mhlw.go.jp/content/10906000/000770118.pdf
20210419,https://www.mhlw.go.jp/content/10906000/000770169.pdf
20210420,https://www.mhlw.go.jp/content/10906000/000770702.pdf
20210421,https://www.mhlw.go.jp/content/10906000/000771152.pdf
20210422,https://www.mhlw.go.jp/content/10906000/000771454.pdf
20210423,https://www.mhlw.go.jp/content/10906000/000772269.pdf
20210424,https://www.mhlw.go.jp/content/10906000/000772886.pdf
20210425,https://www.mhlw.go.jp/content/10906000/000772905.pdf
20210426,https://www.mhlw.go.jp/content/10906000/000772972.pdf
20210427,https://www.mhlw.go.jp/content/10906000/000773745.pdf
20210428,https://www.mhlw.go.jp/content/10906000/000774597.pdf
20210429,https://www.mhlw.go.jp/content/10906000/000775278.pdf
20210430,https://www.mhlw.go.jp/content/10906000/000775328.pdf
20210501,https://www.mhlw.go.jp/content/10906000/000776026.pdf
20210502,https://www.mhlw.go.jp/content/10906000/000776047.pdf
20210503,https://www.mhlw.go.jp/content/10906000/000776068.pdf
20210504,https://www.mhlw.go.jp/content/10906000/000776082.pdf
20210505,https://www.mhlw.go.jp/content/10906000/000776097.pdf
20210506,https://www.mhlw.go.jp/content/10906000/000776118.pdf
20210507,https://www.mhlw.go.jp/content/10906000/000776491.pdf
20210508,https://www.mhlw.go.jp/content/10906000/000777001.pdf
20210509,https://www.mhlw.go.jp/content/10906000/000777068.pdf
20210510,https://www.mhlw.go.jp/content/10906000/000777376.pdf
20210511,https://www.mhlw.go.jp/content/10906000/000777739.pdf
20210512,https://www.mhlw.go.jp/content/10906000/000778683.pdf
20210513,https://www.mhlw.go.jp/content/10906000/000779057.pdf
20210514,https://www.mhlw.go.jp/content/10906000/000779518.pdf
20210515,https://www.mhlw.go.jp/content/10906000/000779884.pdf
20210516,https://www.mhlw.go.jp/content/10906000/000779895.pdf
20210517,https://www.mhlw.go.jp/content/10906000/000780009.pdf
20210518,https://www.mhlw.go.jp/content/10906000/000780661.pdf
20210519,https://www.mhlw.go.jp/content/10906000/000781329.pdf
20210520,https://www.mhlw.go.jp/content/10906000/000781741.pdf
20210521,https://www.mhlw.go.jp/content/10906000/000782668.pdf
20210522,https://www.mhlw.go.jp/content/10906000/000783211.pdf
20210523,https://www.mhlw.go.jp/content/10906000/000783257.pdf
20210524,https://www.mhlw.go.jp/content/10906000/000783311.pdf
20210525,https://www.mhlw.go.jp/content/10906000/000783920.pdf
20210526,https://www.mhlw.go.jp/content/10906000/000784943.pdf
20210527,https://www.mhlw.go.jp/content/10906000/000785173.pdf
20210528,https://www.mhlw.go.jp/content/10906000/000785758.pdf
20210529,https://www.mhlw.go.jp/content/10906000/000786307.pdf
20210530,https://www.mhlw.go.jp/content/10906000/000786326.pdf
20210531,https://www.mhlw.go.jp/content/10906000/000786368.pdf
20210601,https://www.mhlw.go.jp/content/10906000/000786759.pdf
20210602,https://www.mhlw.go.jp/content/10906000/000787342.pdf
20210603,https://www.mhlw.go.jp/content/10906000/000787848.pdf
20210604,https://www.mhlw.go.jp/content/10906000/000788201.pdf
20210605,https://www.mhlw.go.jp/content/10906000/000788645.pdf
20210606,https://www.mhlw.go.jp/content/10906000/000788654.pdf
20210607,https://www.mhlw.go.jp/content/10906000/000788766.pdf
20210608,https://www.mhlw.go.jp/content/10906000/000789228.pdf
20210609,https://www.mhlw.go.jp/content/10906000/000789947.pdf
20210610,https://www.mhlw.go.jp/content/10906000/000790415.pdf
20210611,https://www.mhlw.go.jp/content/10906000/000791277.pdf
20210612,https://www.mhlw.go.jp/content/10906000/000791995.pdf
20210613,https://www.mhlw.go.jp/content/10906000/000792008.pdf
20210614,https://www.mhlw.go.jp/content/10906000/000792062.pdf
20210615,https://www.mhlw.go.jp/content/10906000/000792783.pdf
20210616,https://www.mhlw.go.jp/content/10906000/000793302.pdf
20210617,https://www.mhlw.go.jp/content/10906000/000793903.pdf
20210618,https://www.mhlw.go.jp/content/10906000/000794650.pdf
20210619,https://www.mhlw.go.jp/content/10906000/000795116.pdf
20210620,https://www.mhlw.go.jp/content/10906000/000795133.pdf
20210621,https://www.mhlw.go.jp/content/10906000/000795190.pdf
20210622,https://www.mhlw.go.jp/content/10906000/000795725.pdf
20210623,https://www.mhlw.go.jp/content/10906000/000796186.pdf
20210624,https://www.mhlw.go.jp/content/10906000/000796873.pdf
20210625,https://www.mhlw.go.jp/content/10906000/000797664.pdf
20210626,https://www.mhlw.go.jp/content/10906000/000798115.pdf
20210627,https://www.mhlw.go.jp/content/10906000/000798124.pdf
20210628,https://www.mhlw.go.jp/content/10906000/000798260.pdf
20210629,https://www.mhlw.go.jp/content/10906000/000798970.pdf
20210630,https://www.mhlw.go.jp/content/10906000/000799438.pdf
20210701,https://www.mhlw.go.jp/content/10906000/000800083.pdf
20210702,https://www.mhlw.go.jp/content/10906000/000800623.pdf
20210703,https://www.mhlw.go.jp/content/10906000/000801152.pdf
20210704,https://www.mhlw.go.jp/content/10906000/000801170.pdf
20210705,https://www.mhlw.go.jp/content/10906000/000801257.pdf
20210706,https://www.mhlw.go.jp/content/10906000/000801841.pdf
20210707,https://www.mhlw.go.jp/content/10906000/000802198.pdf
20210708,https://www.mhlw.go.jp/content/10906000/000803390.pdf
20210709,https://www.mhlw.go.jp/content/10906000/000803948.pdf
20210710,https://www.mhlw.go.jp/content/10906000/000804501.pdf
20210711,https://www.mhlw.go.jp/content/10906000/000804514.pdf
20210712,https://www.mhlw.go.jp/content/10906000/000804597.pdf
20210713,https://www.mhlw.go.jp/content/10906000/000805303.pdf
20210714,https://www.mhlw.go.jp/content/10906000/000805873.pdf
20210715,https://www.mhlw.go.jp/content/10906000/000806602.pdf
20210716,https://www.mhlw.go.jp/content/10906000/000807240.pdf
20210717,https://www.mhlw.go.jp/content/10906000/000807732.pdf
20210718,https://www.mhlw.go.jp/content/10906000/000807752.pdf
20210719,https://www.mhlw.go.jp/content/10906000/000807851.pdf
20210720,https://www.mhlw.go.jp/content/10906000/000808449.pdf
20210721,https://www.mhlw.go.jp/content/10906000/000808976.pdf
20210722,https://www.mhlw.go.jp/content/10906000/000809614.pdf
20210723,https://www.mhlw.go.jp/content/10906000/000809645.pdf
20210724,https://www.mhlw.go.jp/content/10906000/000809657.pdf
20210725,https://www.mhlw.go.jp/content/10906000/000809684.pdf
20210726,https://www.mhlw.go.jp/content/10906000/000809780.pdf
20210727,https://www.mhlw.go.jp/content/10906000/000811668.pdf
20210728,https://www.mhlw.go.jp/content/10906000/000812103.pdf
20210729,https://www.mhlw.go.jp/content/10906000/000812948.pdf
20210730,https://www.mhlw.go.jp/content/10906000/000814230.pdf
20210731,https://www.mhlw.go.jp/content/10906000/000814950.pdf
20210801,https://www.mhlw.go.jp/content/10906000/000814972.pdf
20210802,https://www.mhlw.go.jp/content/10906000/000815127.pdf
20210803,https://www.mhlw.go.jp/content/10906000/000815704.pdf
20210804,https://www.mhlw.go.jp/content/10906000/000816114.pdf
20210805,https://www.mhlw.go.jp/content/10906000/000816679.pdf
20210806,https://www.mhlw.go.jp/content/10906000/000817153.pdf
20210807,https://www.mhlw.go.jp/content/10906000/000817503.pdf
20210808,https://www.mhlw.go.jp/content/10906000/000817513.pdf
20210809,https://www.mhlw.go.jp/content/10906000/000817526.pdf
20210810,https://www.mhlw.go.jp/content/10906000/000817593.pdf
20210811,https://www.mhlw.go.jp/content/10906000/000817999.pdf
20210812,https://www.mhlw.go.jp/content/10906000/000818421.pdf
20210813,https://www.mhlw.go.jp/content/10906000/000818757.pdf
20210814,https://www.mhlw.go.jp/content/10906000/000819131.pdf
20210815,https://www.mhlw.go.jp/content/10906000/000819148.pdf
20210816,https://www.mhlw.go.jp/content/10906000/000819211.pdf
20210817,https://www.mhlw.go.jp/content/10906000/000819514.pdf
20210818,https://www.mhlw.go.jp/content/10906000/000819863.pdf
20210819,https://www.mhlw.go.jp/content/10906000/000820303.pdf
20210820,https://www.mhlw.go.jp/content/10906000/000821188.pdf
20210821,https://www.mhlw.go.jp/content/10906000/000821869.pdf
20210822,https://www.mhlw.go.jp/content/10906000/000821885.pdf
20210823,https://www.mhlw.go.jp/content/10906000/000822018.pdf
20210824,https://www.mhlw.go.jp/content/10906000/000822470.pdf
20210825,https://www.mhlw.go.jp/content/10906000/000823273.pdf
20210826,https://www.mhlw.go.jp/content/10906000/000823801.pdf
20210827,https://www.mhlw.go.jp/content/10906000/000824483.pdf
20210828,https://www.mhlw.go.jp/content/10906000/000824483.pdf
20210829,https://www.mhlw.go.jp/content/10906000/000824944.pdf
20210830,https://www.mhlw.go.jp/content/10906000/000825066.pdf
20210831,https://www.mhlw.go.jp/content/10906000/000825494.pdf
20210901,https://www.mhlw.go.jp/content/10906000/000825860.pdf
20210902,https://www.mhlw.go.jp/content/10906000/000826664.pdf
20210903,https://www.mhlw.go.jp/content/10906000/000827400.pdf
20210904,https://www.mhlw.go.jp/content/10906000/000827933.pdf
20210905,https://www.mhlw.go.jp/content/10906000/000827987.pdf
20210906,https://www.mhlw.go.jp/content/10906000/000828065.pdf
20210907,https://www.mhlw.go.jp/content/10906000/000828470.pdf
20210908,https://www.mhlw.go.jp/content/10906000/000829326.pdf
20210909,https://www.mhlw.go.jp/content/10906000/000830220.pdf
20210910,https://www.mhlw.go.jp/content/10906000/000830677.pdf
20210911,https://www.mhlw.go.jp/content/10906000/000831214.pdf
20210912,https://www.mhlw.go.jp/content/10906000/000831229.pdf
20210913,https://www.mhlw.go.jp/content/10906000/000831260.pdf
20210914,https://www.mhlw.go.jp/content/10906000/000832143.pdf
20210915,https://www.mhlw.go.jp/content/10906000/000832569.pdf
20210916,https://www.mhlw.go.jp/content/10906000/000833278.pdf
20210917,https://www.mhlw.go.jp/content/10906000/000833711.pdf
20210918,https://www.mhlw.go.jp/content/10906000/000834070.pdf
20210919,https://www.mhlw.go.jp/content/10906000/000834086.pdf
20210920,https://www.mhlw.go.jp/content/10906000/000834094.pdf
20210921,https://www.mhlw.go.jp/content/10906000/000834185.pdf
20210922,https://www.mhlw.go.jp/content/10906000/000834847.pdf
20210923,https://www.mhlw.go.jp/content/10906000/000835190.pdf
20210924,https://www.mhlw.go.jp/content/10906000/000835324.pdf
20210925,https://www.mhlw.go.jp/content/10906000/000835735.pdf
20210926,https://www.mhlw.go.jp/content/10906000/000835757.pdf
20210927,https://www.mhlw.go.jp/content/10906000/000835879.pdf
20210928,https://www.mhlw.go.jp/content/10906000/000836477.pdf
20210929,https://www.mhlw.go.jp/content/10906000/000836949.pdf
20210930,https://www.mhlw.go.jp/content/10906000/000837763.pdf
20211001,https://www.mhlw.go.jp/content/10906000/000838288.pdf
20211002,https://www.mhlw.go.jp/content/10906000/000838838.pdf
20211003,https://www.mhlw.go.jp/content/10906000/000838846.pdf
20211004,https://www.mhlw.go.jp/content/10906000/000838937.pdf
20211005,https://www.mhlw.go.jp/content/10906000/000839300.pdf
20211006,https://www.mhlw.go.jp/content/10906000/000839876.pdf
20211007,https://www.mhlw.go.jp/content/10906000/000840410.pdf
20211008,https://www.mhlw.go.jp/content/10906000/000840932.pdf
20211009,https://www.mhlw.go.jp/content/10906000/000841462.pdf
20211010,https://www.mhlw.go.jp/content/10906000/000841481.pdf
20211011,https://www.mhlw.go.jp/content/10906000/000841537.pdf
20211012,https://www.mhlw.go.jp/content/10906000/000841992.pdf
20211013,https://www.mhlw.go.jp/content/10906000/000842623.pdf
20211014,https://www.mhlw.go.jp/content/10906000/000843309.pdf
20211015,https://www.mhlw.go.jp/content/10906000/000843677.pdf
20211016,https://www.mhlw.go.jp/content/10906000/000844180.pdf
20211017,https://www.mhlw.go.jp/content/10906000/000844203.pdf
20211018,https://www.mhlw.go.jp/content/10906000/000844302.pdf
20211019,https://www.mhlw.go.jp/content/10906000/000844876.pdf
20211020,https://www.mhlw.go.jp/content/10906000/000845413.pdf
20211021,https://www.mhlw.go.jp/content/10906000/000846087.pdf
20211022,https://www.mhlw.go.jp/content/10906000/000846581.pdf
20211023,https://www.mhlw.go.jp/content/10906000/000847006.pdf
20211024,https://www.mhlw.go.jp/content/10906000/000847018.pdf
20211025,https://www.mhlw.go.jp/content/10906000/000847075.pdf
20211026,https://www.mhlw.go.jp/content/10906000/000847481.pdf
20211027,https://www.mhlw.go.jp/content/10906000/000847916.pdf
20211028,https://www.mhlw.go.jp/content/10906000/000848529.pdf
20211029,https://www.mhlw.go.jp/content/10906000/000849096.pdf
20211030,https://www.mhlw.go.jp/content/10906000/000849743.pdf
20211031,https://www.mhlw.go.jp/content/10906000/000849763.pdf
20211101,https://www.mhlw.go.jp/content/10906000/000849840.pdf
20211102,https://www.mhlw.go.jp/content/10906000/000850448.pdf
20211103,https://www.mhlw.go.jp/content/10906000/000851156.pdf
20211104,https://www.mhlw.go.jp/content/10906000/000851252.pdf
20211105,https://www.mhlw.go.jp/content/10906000/000851713.pdf
20211106,https://www.mhlw.go.jp/content/10906000/000852209.pdf
20211107,https://www.mhlw.go.jp/content/10906000/000852239.pdf
20211108,https://www.mhlw.go.jp/content/10906000/000852308.pdf
20211109,https://www.mhlw.go.jp/content/10906000/000852679.pdf
20211110,https://www.mhlw.go.jp/content/10906000/000853219.pdf
20211111,https://www.mhlw.go.jp/content/10906000/000853630.pdf
20211112,https://www.mhlw.go.jp/content/10906000/000854144.pdf
20211113,https://www.mhlw.go.jp/content/10906000/000854459.pdf
20211114,https://www.mhlw.go.jp/content/10906000/000854467.pdf
20211115,https://www.mhlw.go.jp/content/10906000/000854525.pdf
20211116,https://www.mhlw.go.jp/content/10906000/000855177.pdf
20211117,https://www.mhlw.go.jp/content/10906000/000855649.pdf
20211118,https://www.mhlw.go.jp/content/10906000/000856375.pdf
20211119,https://www.mhlw.go.jp/content/10906000/000856936.pdf
20211120,https://www.mhlw.go.jp/content/10906000/000857335.pdf
20211121,https://www.mhlw.go.jp/content/10906000/000857355.pdf
20211122,https://www.mhlw.go.jp/content/10906000/000857377.pdf
20211123,https://www.mhlw.go.jp/content/10906000/000857798.pdf
20211124,https://www.mhlw.go.jp/content/10906000/000857824.pdf
20211125,https://www.mhlw.go.jp/content/10906000/000858406.pdf
20211126,https://www.mhlw.go.jp/content/10906000/000858855.pdf
20211127,https://www.mhlw.go.jp/content/10906000/000859307.pdf
20211128,https://www.mhlw.go.jp/content/10906000/000859332.pdf
20211129,https://www.mhlw.go.jp/content/10906000/000859494.pdf
20211130,https://www.mhlw.go.jp/content/10906000/000860231.pdf
20211201,https://www.mhlw.go.jp/content/10906000/000860795.pdf
20211202,https://www.mhlw.go.jp/content/10906000/000861513.pdf
20211203,https://www.mhlw.go.jp/content/10906000/000862085.pdf
20211204,https://www.mhlw.go.jp/content/10906000/000862677.pdf
20211205,https://www.mhlw.go.jp/content/10906000/000862690.pdf
20211206,https://www.mhlw.go.jp/content/10906000/000862746.pdf
20211207,https://www.mhlw.go.jp/content/10906000/000863276.pdf
20211208,https://www.mhlw.go.jp/content/10906000/000863666.pdf
20211209,https://www.mhlw.go.jp/content/10906000/000864381.pdf
20211210,https://www.mhlw.go.jp/content/10906000/000864957.pdf
20211211,https://www.mhlw.go.jp/content/10906000/000865512.pdf
20211212,https://www.mhlw.go.jp/content/10906000/000865526.pdf
20211213,https://www.mhlw.go.jp/content/10906000/000865642.pdf
20211214,https://www.mhlw.go.jp/content/10906000/000866241.pdf
20211215,https://www.mhlw.go.jp/content/10906000/000866985.pdf
20211216,https://www.mhlw.go.jp/content/10906000/000867685.pdf
20211217,https://www.mhlw.go.jp/content/10906000/000868520.pdf
20211218,https://www.mhlw.go.jp/content/10906000/000869082.pdf
20211219,https://www.mhlw.go.jp/content/10906000/000869095.pdf
20211220,https://www.mhlw.go.jp/content/10906000/000869199.pdf
20211221,https://www.mhlw.go.jp/content/10906000/000870058.pdf
20211222,https://www.mhlw.go.jp/content/10906000/000870829.pdf
20211223,https://www.mhlw.go.jp/content/10906000/000871827.pdf
20211224,https://www.mhlw.go.jp/content/10906000/000872667.pdf
20211225,https://www.mhlw.go.jp/content/10906000/000873676.pdf
20211226,https://www.mhlw.go.jp/content/10906000/000873688.pdf
20211227,https://www.mhlw.go.jp/content/10906000/000873915.pdf
20211228,https://www.mhlw.go.jp/content/10906000/000874648.pdf
20211229,https://www.mhlw.go.jp/content/10906000/000875198.pdf
20211230,https://www.mhlw.go.jp/content/10906000/000875218.pdf
20211231,https://www.mhlw.go.jp/content/10906000/000875243.pdf
20220101,https://www.mhlw.go.jp/content/10906000/000875269.pdf
20220102,https://www.mhlw.go.jp/content/10906000/000875285.pdf
20220103,https://www.mhlw.go.jp/content/10906000/000875310.pdf
20220104,https://www.mhlw.go.jp/content/10906000/000875356.pdf
20220105,https://www.mhlw.go.jp/content/10906000/000876042.pdf
20220106,https://www.mhlw.go.jp/content/10906000/000876614.pdf
20220107,https://www.mhlw.go.jp/content/10906000/000877411.pdf
20220108,https://www.mhlw.go.jp/content/10906000/000877991.pdf
20220109,https://www.mhlw.go.jp/content/10906000/000878004.pdf
20220110,https://www.mhlw.go.jp/content/10906000/000878022.pdf
20220111,https://www.mhlw.go.jp/content/10906000/000878281.pdf
20220112,https://www.mhlw.go.jp/content/10906000/000878569.pdf
20220113,https://www.mhlw.go.jp/content/10906000/000880006.pdf
20220114,https://www.mhlw.go.jp/content/10906000/000881141.pdf
20220115,https://www.mhlw.go.jp/content/10906000/000881601.pdf
20220116,https://www.mhlw.go.jp/content/10906000/000881620.pdf
20220117,https://www.mhlw.go.jp/content/10906000/000881707.pdf
20220118,https://www.mhlw.go.jp/content/10906000/000882577.pdf
20220119,https://www.mhlw.go.jp/content/10906000/000883407.pdf
20220120,https://www.mhlw.go.jp/content/10906000/000884084.pdf
20220121,https://www.mhlw.go.jp/content/10906000/000885171.pdf
20220122,https://www.mhlw.go.jp/content/10906000/000885835.pdf
20220123,https://www.mhlw.go.jp/content/10906000/000885852.pdf
20220124,https://www.mhlw.go.jp/content/10906000/000885905.pdf
20220125,https://www.mhlw.go.jp/content/10906000/000886605.pdf
20220126,https://www.mhlw.go.jp/content/10906000/000887315.pdf
20220127,https://www.mhlw.go.jp/content/10906000/000888123.pdf
20220128,https://www.mhlw.go.jp/content/10906000/000888792.pdf
20220129,https://www.mhlw.go.jp/content/10906000/000889684.pdf
20220130,https://www.mhlw.go.jp/content/10906000/000889704.pdf
20220131,https://www.mhlw.go.jp/content/10906000/000889909.pdf
20220201,https://www.mhlw.go.jp/content/10906000/000890868.pdf
20220202,https://www.mhlw.go.jp/content/10906000/000891653.pdf
20220203,https://www.mhlw.go.jp/content/10906000/000892388.pdf
20220204,https://www.mhlw.go.jp/content/10906000/000893099.pdf
20220205,https://www.mhlw.go.jp/content/10906000/000893698.pdf
20220206,https://www.mhlw.go.jp/content/10906000/000893727.pdf
20220207,https://www.mhlw.go.jp/content/10906000/000893757.pdf
20220208,https://www.mhlw.go.jp/content/10906000/000894535.pdf
20220209,https://www.mhlw.go.jp/content/10906000/000895074.pdf
20220210,https://www.mhlw.go.jp/content/10906000/000896120.pdf
20220211,https://www.mhlw.go.jp/content/10906000/000896612.pdf
20220212,https://www.mhlw.go.jp/content/10906000/000896626.pdf
20220213,https://www.mhlw.go.jp/content/10906000/000896641.pdf
20220214,https://www.mhlw.go.jp/content/10906000/000896789.pdf
20220215,https://www.mhlw.go.jp/content/10906000/000897689.pdf
20220216,https://www.mhlw.go.jp/content/10906000/000898053.pdf
20220217,https://www.mhlw.go.jp/content/10906000/000898828.pdf
20220218,https://www.mhlw.go.jp/content/10906000/000899218.pdf
20220219,https://www.mhlw.go.jp/content/10906000/000899800.pdf
20220220,https://www.mhlw.go.jp/content/10906000/000899815.pdf
20220221,https://www.mhlw.go.jp/content/10906000/000899959.pdf
20220222,https://www.mhlw.go.jp/content/10906000/000900648.pdf
20220223,https://www.mhlw.go.jp/content/10906000/000901240.pdf
20220224,https://www.mhlw.go.jp/content/10906000/000901349.pdf
20220225,https://www.mhlw.go.jp/content/10906000/000902152.pdf
20220226,https://www.mhlw.go.jp/content/10906000/000903083.pdf
20220227,https://www.mhlw.go.jp/content/10906000/000903122.pdf
20220228,https://www.mhlw.go.jp/content/10906000/000903275.pdf
20220301,https://www.mhlw.go.jp/content/10906000/000904297.pdf
20220302,https://www.mhlw.go.jp/content/10906000/000905105.pdf
20220303,https://www.mhlw.go.jp/content/10906000/000906135.pdf
20220304,https://www.mhlw.go.jp/content/10906000/000907284.pdf
20220305,https://www.mhlw.go.jp/content/10906000/000908080.pdf
20220306,https://www.mhlw.go.jp/content/10906000/000908098.pdf
20220307,https://www.mhlw.go.jp/content/10906000/000908134.pdf
20220308,https://www.mhlw.go.jp/content/10906000/000909191.pdf
20220309,https://www.mhlw.go.jp/content/10906000/000909983.pdf
20220310,https://www.mhlw.go.jp/content/10906000/000910930.pdf
20220311,https://www.mhlw.go.jp/content/10906000/000911501.pdf
20220312,https://www.mhlw.go.jp/content/10906000/000912031.pdf
20220313,https://www.mhlw.go.jp/content/10906000/000912073.pdf
20220314,https://www.mhlw.go.jp/content/10906000/000912262.pdf
20220315,https://www.mhlw.go.jp/content/10906000/000912718.pdf
20220316,https://www.mhlw.go.jp/content/10906000/000913333.pdf
20220317,https://www.mhlw.go.jp/content/10906000/000913985.pdf
20220318,https://www.mhlw.go.jp/content/10906000/000915108.pdf
20220319,https://www.mhlw.go.jp/content/10906000/000915820.pdf
20220320,https://www.mhlw.go.jp/content/10906000/000915843.pdf
20220321,https://www.mhlw.go.jp/content/10906000/000915862.pdf
20220322,https://www.mhlw.go.jp/content/10906000/000915980.pdf
20220323,https://www.mhlw.go.jp/content/10906000/000916977.pdf
20220324,https://www.mhlw.go.jp/content/10906000/000917912.pdf
20220325,https://www.mhlw.go.jp/content/10906000/000918857.pdf
20220326,https://www.mhlw.go.jp/content/10906000/000919462.pdf
20220327,https://www.mhlw.go.jp/content/10906000/000919462.pdf
20220328,https://www.mhlw.go.jp/content/10906000/000919593.pdf
20220329,https://www.mhlw.go.jp/content/10906000/000920508.pdf
20220330,https://www.mhlw.go.jp/content/10906000/000921320.pdf
20220331,https://www.mhlw.go.jp/content/10906000/000922394.pdf
20220401,https://www.mhlw.go.jp/content/10906000/000923712.pdf
20220402,https://www.mhlw.go.jp/content/10906000/000924583.pdf
20220403,https://www.mhlw.go.jp/content/10906000/000924629.pdf
20220404,https://www.mhlw.go.jp/content/10906000/000924721.pdf
20220405,https://www.mhlw.go.jp/content/10906000/000925195.pdf
20220406,https://www.mhlw.go.jp/content/10906000/000926074.pdf
20220407,https://www.mhlw.go.jp/content/10906000/000926553.pdf
20220408,https://www.mhlw.go.jp/content/10906000/000927096.pdf
20220409,https://www.mhlw.go.jp/content/10906000/000927546.pdf
20220410,https://www.mhlw.go.jp/content/10906000/000927557.pdf
20220411,https://www.mhlw.go.jp/content/10906000/000927646.pdf
20220412,https://www.mhlw.go.jp/content/10906000/000928104.pdf
20220413,https://www.mhlw.go.jp/content/10906000/000928441.pdf
20220414,https://www.mhlw.go.jp/content/10906000/000929067.pdf
20220415,https://www.mhlw.go.jp/content/10906000/000929633.pdf
20220416,https://www.mhlw.go.jp/content/10906000/000929633.pdf
20220417,https://www.mhlw.go.jp/content/10906000/000930129.pdf
20220418,https://www.mhlw.go.jp/content/10906000/000930175.pdf
20220419,https://www.mhlw.go.jp/content/10906000/000930766.pdf
20220420,https://www.mhlw.go.jp/content/10906000/000931404.pdf
20220421,https://www.mhlw.go.jp/content/10906000/000931608.pdf
20220422,https://www.mhlw.go.jp/content/10906000/000932260.pdf
20220423,https://www.mhlw.go.jp/content/10906000/000932792.pdf
20220424,https://www.mhlw.go.jp/content/10906000/000932804.pdf
20220425,https://www.mhlw.go.jp/content/10906000/000932853.pdf
20220426,https://www.mhlw.go.jp/content/10906000/000933521.pdf
20220427,https://www.mhlw.go.jp/content/10906000/000934095.pdf
20220428,https://www.mhlw.go.jp/content/10906000/000934902.pdf
20220429,https://www.mhlw.go.jp/content/10906000/000935411.pdf
20220430,https://www.mhlw.go.jp/content/10906000/000935421.pdf
20220501,https://www.mhlw.go.jp/content/10906000/000935438.pdf
20220502,https://www.mhlw.go.jp/content/10906000/000935477.pdf
20220503,https://www.mhlw.go.jp/content/10906000/000935754.pdf
20220504,https://www.mhlw.go.jp/content/10906000/000935764.pdf
20220505,https://www.mhlw.go.jp/content/10906000/000935779.pdf
20220506,https://www.mhlw.go.jp/content/10906000/000935813.pdf
20220507,https://www.mhlw.go.jp/content/10906000/000936185.pdf
20220508,https://www.mhlw.go.jp/content/10906000/000936197.pdf
20220509,https://www.mhlw.go.jp/content/10906000/000936240.pdf
20220510,https://www.mhlw.go.jp/content/10906000/000936751.pdf
20220511,https://www.mhlw.go.jp/content/10906000/000937287.pdf
20220512,https://www.mhlw.go.jp/content/10906000/000937823.pdf
20220513,https://www.mhlw.go.jp/content/10906000/000938294.pdf
20220514,https://www.mhlw.go.jp/content/10906000/000938707.pdf
20220515,https://www.mhlw.go.jp/content/10906000/000938724.pdf
20220516,https://www.mhlw.go.jp/content/10906000/000938759.pdf
20220517,https://www.mhlw.go.jp/content/10906000/000939286.pdf
20220518,https://www.mhlw.go.jp/content/10906000/000939963.pdf
20220519,https://www.mhlw.go.jp/content/10906000/000940299.pdf
20220520,https://www.mhlw.go.jp/content/10906000/000940872.pdf
20220521,https://www.mhlw.go.jp/content/10906000/000941338.pdf
20220522,https://www.mhlw.go.jp/content/10906000/000941348.pdf
20220523,https://www.mhlw.go.jp/content/10906000/000941404.pdf
20220524,https://www.mhlw.go.jp/content/10906000/000941911.pdf
20220525,https://www.mhlw.go.jp/content/10906000/000942405.pdf
